<PAMDataset>
  <SRS dataAxisToSRSAxisMapping="1,2">PROJCS["RGF93_Lambert_93",GEOGCS["GCS_RGF93",DATUM["Reseau_Geodesique_Francais_1993",SPHEROID["GRS 1980",6378137,298.257222101,AUTHORITY["EPSG","7019"]]],PRIMEM["Greenwich",0],UNIT["Degree",0.0174532925199433]],PROJECTION["Lambert_Conformal_Conic_2SP"],PARAMETER["standard_parallel_1",49],PARAMETER["standard_parallel_2",44],PARAMETER["latitude_of_origin",46.5],PARAMETER["central_meridian",3],PARAMETER["false_easting",700000],PARAMETER["false_northing",6600000],UNIT["metre",1,AUTHORITY["EPSG","9001"]],AXIS["Easting",EAST],AXIS["Northing",NORTH]]</SRS>
  <PAMRasterBand band="1">
    <Metadata>
      <MDI key="STATISTICS_APPROXIMATE">YES</MDI>
      <MDI key="STATISTICS_MAXIMUM">143.05000305176</MDI>
      <MDI key="STATISTICS_MEAN">115.80603919892</MDI>
      <MDI key="STATISTICS_MINIMUM">74.400001525879</MDI>
      <MDI key="STATISTICS_STDDEV">13.757921459555</MDI>
      <MDI key="STATISTICS_VALID_PERCENT">63.77</MDI>
    </Metadata>
  </PAMRasterBand>
</PAMDataset>
